index,energy_J
0,4.09952e-48
1,2.69527e-15
2,1.07811e-14
