index,energy_J
0,1.47621e-20
1,5.90449e-20
2,1.32837e-19
